{
  "extends": "tslint-config-standard",
  "linterOptions": {
    "include": [
      "src/**/*.ts"
    ],
    "exclude": [
      "**/*.test.(j|t)s",
      "node_modules/**/*",
      "dist"
    ]
  },
  "rules": {
    "await-promise": [true, "Thenable"],
    "no-string-throw": true,
    "no-unused-expression": true,
    "no-duplicate-variable": true,
    "curly": true,
    "class-name": true,
    "semicolon": [
      false,
      "always"
    ],
    "use-type-alias": true,
    "no-inferrable-types": true,
    "unified-signatures": true,
    "use-default-type-parameter": true,
    "no-undefined-argument": true,
    "no-unused-variable": false,
    "no-invalid-this": false,
    "no-empty": {
      "severity": "warn"
    },
    "restrict-plus-operands": false,
    "no-useless-cast": false,
    "variable-name": {
      "severity": "warn"
    },
    "allowUnusedLabels": false
  },
  "rulesDirectory": []
}
